id,name
15868,Uli Edel
76100,Ben Stassen
2042,Stephen Hopkins
65314,Giuseppe Tornatore
72197,Ferzan Ozpetek
586066,Doug Block
78160,Luca Guadagnino
11558,Eugène Lourié
62556,Fred Walton
71042,Jay Levey
53177,Brian Robbins
60438,Michael Landon Jr.
58912,Matthew Hastings
77273,Siddiq Barmak
94471,Jon Gunn
5306,Lasse Hallström
65317,Jake Scott
146275,Joseph Graham
1343876,Sai Varadan
51445,Eric Valette
5501,Gary Fleder
89216,Robert D. Webb
40385,Marcia Bennett
59649,Michael Pressman
155945,Jack Heller
57962,Mort Nathan
129894,Gareth Edwards
65855,Ralph Zondag
48980,David McNally
57082,John Stockwell
7396,Peter Farrelly
44056,Fred Dekker
97591,Joel Anderson
77921,Hideaki Anno
3974,Miloš Forman
66856,Guillaume Ivernel
7623,Sam Raimi
518,Danny DeVito
1255,David Mamet
94918,Daniel Barber
105643,Jay Oliva
231521,Eric Styles
57328,Barry W. Blaustein
997560,Brett Winn
122582,Jake Paltrow
19800,Richard Marquand
43439,Scott Ziehl
15602,Fernando León de Aranoa
56195,Ole Christian Madsen
40863,Joe Swanberg
53333,John Hillcoat
53304,Peter Lord
86270,Joseph Kosinski
968303,Javier Abad
17278,Nick Gomez
23213,Harold Becker
76812,Raymond Yip Wai-Man
3905,William H. Macy
93916,Regardt van den Bergh
146883,Paul Fierlinger
88970,Ralph Ziman
5149,Bonnie Hunt
87537,Yoon Je-kyoon
83198,Allan Arkush
196769,Jonathan Wacks
66654,Kevin Donovan
109857,Thor Freudenthal
11426,Ben Sharpsteen
68281,Justin Kerrigan
19069,Claude Chabrol
54584,Jesse Dylan
3290,Peter Hedges
19303,Kevin Smith
17386,Laurent Cantet
26875,Hideo Nakata
2034,Danny Boyle
56205,Atom Egoyan
57832,Daniel Lee
73833,Bo Zenga
101542,Ti West
956,Guy Ritchie
17279,E. Elias Merhige
1044257,James Swirsky
57130,Todd Phillips
9248,Nora Ephron
21183,Nicolas Winding Refn
641437,Alex Smith
20412,Michael Anderson
70890,Adam Green
16938,Renny Harlin
2778,Dennis Hopper
42274,Nick Hurran
30458,Henry Bean
126597,Stéphane Aubier
51795,Tom Elkins
9778,Ice Cube
9048,Clark Gregg
62854,Akiva Schaffer
3317,Takeshi Kitano
150,RZA
58498,Dominic Sena
64856,Michael Jai White
142312,Jennifer Yuh Nelson
432629,Shintaro Shimosawa
60099,Gideon Raff
8844,Lawrence Kasdan
2880,Emilio Estevez
62514,Tommy O'Haver
229931,Asghar Farhadi
2836,Kimberly Peirce
119417,Gavin Wiesen
554900,Clark Baker
86037,Jeff Crook
64227,Brandon Trost
61372,Tony Leech
64901,Gordon Chan
64883,Kang Je-gyu
1196522,Jeffrey St. Jules
65530,Mike Gabriel
120245,Daniel Stamm
185,Katsuhiro Ōtomo
102627,Steve Carver
1085904,Ramaa Mosley
82511,Will Gluck
77775,Marianna Palka
115892,Jehane Noujaim
93022,Sol Tryon
48498,Mickey Liddell
16513,John G. Avildsen
44916,Stanley Tong
138781,Robert Eggers
1103,Bill Duke
101399,Claudia Llosa
64149,Peter Hastings
74907,Fabián Bielinsky
13927,Kurt Wimmer
3776,Jean-Luc Godard
70573,Paul Hunter
57030,Gregor Jordan
122842,Rich Christiano
35785,Siddharth Anand
1562428,James O'Brien
52842,Garth Jennings
1352997,Kabir Sadanand
17042,Greg Harrison
8023,Kyle Balda
90,Isabel Coixet
133293,Paul Bolger
16294,Jonathan Demme
109745,Lee Toland Krieger
85242,Kevin Jordan
60923,Will Speck
6767,Larry Charles
39996,Sidney Lumet
62541,Brandon Camp
52894,Laurence Dunmore
1263945,Damir Catic
1365766,Barrett Esposito
70415,Tony Maylam
74062,Marcos Siega
56578,Jeff Tremaine
15557,Bill Condon
68215,Reginald Hudlin
56739,Peter Chan
42092,Benedikt Erlingsson
8574,Walter Salles
1467662,Charlie Levi
942084,Mark Illsley
53599,Andrew Morahan
1617,James Schamus
80540,Stig Bergqvist
55587,Peter Stebbings
131521,Spencer Susser
65310,Kenny Ortega
293911,Scott Waugh
36423,Tom Green
44740,Richard Shepard
58040,Bruce Malmuth
18533,Errol Morris
33349,Derick Martini
66203,Moustapha Akkad
86437,John Eng
1499089,Tom Sanchez
33341,Rick Rosenthal
1236679,Jonathan M. Goldstein
7348,Carlos Carrera
5125,Fatih Akin
52941,Rob McKittrick
71570,Justin Chadwick
19450,Bob Rafelson
19346,Niels Arden Oplev
564083,Tatiana von Furstenberg
4786,Richard Attenborough
54025,Karyn Kusama
66121,"George Tillman, Jr."
17167,Andy Tennant
87183,Mark Young
4065,Fred Zinnemann
31511,Grant Heslov
86295,Marc F. Adler
142272,Henry Joost
932248,Fede Alvarez
24173,Mike Binder
1046142,Benson Lee
64796,Tom Holland
72467,Thaddeus O'Sullivan
25210,Jeremy Leven
53068,Ryan Fleck
3451,Mel Stuart
31119,Sylvain White
124747,Pierre Coffin
28239,David Twohy
1041549,Justin Thomas Ostensen
56453,John Bonito
66039,Damon Santostefano
1519326,Justin Paul Miller
120246,Huck Botko
56735,David Moreau
123991,Steven Greenstreet
16391,Julie Taymor
61970,Ben Gluck
56154,Antony Hoffman
1004172,Mora Stephens
17764,Charles S. Dutton
84962,Stiles White
968998,Jeta Amata
25527,Jason Connery
1111709,Tom Putnam
129952,Sean McNamara
37618,Andrew Dominik
33254,Jim Gillespie
35318,Ken Annakin
67795,Steven Shainberg
2087,Richard Fleischer
716,Emile Ardolino
1330498,Rania Attieh
23964,Gary Ross
42952,Michael Burke
83467,William A. Graham
1302082,David F. Sandberg
76595,Byron Howard
69593,Michael J. Bassett
1375066,Stuart Ortiz
20193,Mark Neveldine
92834,Randall Rubin
129715,Agnieszka Wojtowicz-Vosloo
550681,Nick Tomnay
65242,Jack Perez
78488,Cathy Malkasian
228311,Keith Parmer
938682,Patrik Forsberg
18596,Taylor Hackford
18356,Stephen Herek
89467,Bob Giraldi
204325,Jay Alaimo
84369,Eugene Jarecki
123912,Christophe Ali
54507,Jon M. Chu
46076,Tom Dey
4762,Paul Thomas Anderson
59413,Ben Garant
2406,Mathieu Kassovitz
9033,Christopher McQuarrie
19841,Mateo Gil
1192754,Peter Landesman
16927,Gérard Depardieu
1044,Michael Chapman
134306,Kevin Sullivan
1,George Lucas
15115,Stefan Ruzowitzky
84461,Alice Wu
68457,James Frawley
227439,Don Hall
120615,Tom Ford
57055,Mitchell Lichtenstein
86164,Mitch Davis
116100,Richard Williams
588701,Des McAnuff
1199049,Anthony Silverston
41378,Kerry Conran
7087,Brad Bird
15358,Vic Armstrong
1585252,Rob Hawk
1211000,Tom Gormican
57557,Christian Volckman
78012,François Girard
59923,Marc Forby
12786,Simon West
10051,Tobe Hooper
17627,Lucile Hadzihalilovic
41285,Kirsten Sheridan
60129,Susan Stroman
1187357,James Kerwin
142007,Steve Trenbirth
26775,Liu Chia-Liang
81718,Mamoru Hosoda
1354171,Henry Hobson
45459,Mike Cahill
16730,Darrell James Roodt
220274,Patrick Meaney
54734,Evan Goldberg
10395,Jon Poll
17608,Rowan Joffe
11434,Wilfred Jackson
52803,Etan Cohen
66548,Paul Weiland
27977,Leos Carax
52870,Tim Johnson
77076,Michael Corrente
17016,Neil Jordan
75882,S.R. Bindler
26850,Eduardo Sánchez
1749,Leonard Nimoy
64735,Rob Hedden
21771,Daniela Thomas
7879,John Lasseter
11447,Albert Hughes
14875,Robert Rossen
6482,John Singleton
82221,Brendan Malloy
225556,Salim Akil
16837,Mark Steven Johnson
22669,Julien Temple
5231,Wolfgang Petersen
22239,Travis Zariwny
32813,Dominique Othenin-Girard
14639,Mel Brooks
37630,Shekhar Kapur
1241,John Turturro
95320,Rodrigo Cortés
10001,William Wyler
45405,Jay Duplass
70651,Stephen Hillenburg
1018728,Jorge Gaggero
71901,Douglas Aarniokoski
133183,Robert Lee King
56198,Ari Folman
62020,Jack Sholder
60149,Nicholaus Goossen
17183,Jackie Earle Haley
78297,Phil Vischer
71729,Steve Martino
544748,Caryn Waechter
15148,Jon Amiel
21085,Alex Proyas
61571,Barry Skolnick
1424519,Jerome Elston Scott
1253596,Simon Napier-Bell
930707,Colin Trevorrow
67717,Michel Hazanavicius
32277,Geoff Murphy
2460,Randall Wallace
11435,Howard Hawks
11777,Tommy Lee Wallace
2223,Fred Savage
11011,Zak Penn
17812,Gregory Hoblit
7671,Jeb Stuart
1140160,Randy Moore
11873,Roger Kumble
65133,Marcus Raboy
101767,Robert Butler
9200,John McNaughton
554948,Chao-Bin Su
74272,Goran Dukic
97026,John Luessenhop
65627,Kris Isacsson
1398500,Tadeo Garcia
1092607,Benjamin Renner
29009,Ken Kwapis
1265056,Jorge R. Gutierrez
147021,S.S. Rajamouli
109640,Doug Atchison
18532,Jérôme Maison
60243,Rob Schmidt
1271492,Philip Zlotorynski
75035,Olivier Megaton
12920,David S. Ward
58245,Don Coscarelli
202,Charlie Kaufman
21905,Danny Pang
8297,Roger Avary
1387618,John Stephenson
27991,Stuart Gordon
33542,Harald Reinl
6159,Ron Howard
5367,Zach Braff
13,Albert Brooks
116186,Lowell Sherman
1194681,Michael Skolnik
42518,Peter Care
16566,George P. Cosmatos
145134,Jill Sprecher
2128,Leigh Whannell
508,David Koepp
39,Sam Mendes
90575,Daniel Schechter
39104,Abel Ferrara
440517,Steve Taylor
7256,Lee Tamahori
83415,Michael McGowan
240,Stanley Kubrick
4027,Frank Darabont
58375,Andy Fickman
1434676,Terron R. Parsons
1051654,Macha Makeïeff
54710,Jody Hill
36588,Joe Wright
640,Chris Kentis
94220,Àlex Pastor
34481,Matt Williams
8,Lee Unkrich
78914,Noam Murro
7908,Frank Oz
63983,Roger Nygard
1098,Mark Helfrich
1027018,Jane Lipsitz
228134,Rupert Sanders
58448,Penelope Spheeris
113641,Dewey Nicks
53296,Joshua Oppenheimer
95723,Richard Wallace
19304,John Schlesinger
942251,Rachel Perkins
642,Laura Lau
12905,Ash Brannon
88832,Kyle Rankin
59841,Matt Walsh
134156,Sam Miller
18204,Peter Kassovitz
73289,Conor McPherson
145045,Robert Heath
67106,Robert Sarkies
21217,Jonathan Lynn
58712,Steve Miner
102797,Robert Marcarelli
85675,Rajkumar Hirani
1476699,Nicolae Constantin Tanase
11266,James McTeigue
1150712,Tommy Oliver
58324,Jean-François Richet
1191051,Blair Erickson
76462,Richard Schenkman
20308,Espen Sandberg
18500,Phil Joanou
11013,Dan Harris
21807,Billy Ray
132964,Drake Doremus
11770,John Carpenter
40243,Gil Junger
52114,Jon Lucas
65548,Rick Friedberg
52934,Nicholas Stoller
63477,Ryan Little
8843,Mick Jackson
19499,Kevin Munroe
2127,James Wan
62768,William Brent Bell
87130,Mark A.Z. Dippé
474199,Alex Ranarivelo
116805,Paul Feig
18184,Xavier Gens
1170143,Remo D'Souza
71555,Andrew Wilson
558540,Mike Bruce
48583,Anne Fontaine
82286,Marc Levin
61921,Courtney Solomon
3388,James L. Brooks
34110,Oren Moverman
52961,Dennis Gansel
70703,Teddy Chan
58729,Albert Magnoli
23393,Barbet Schroeder
70580,Sadullah Şentürk
65594,John Michael McDonagh
115999,Inna Evlannikova
76705,Preston A. Whitmore II
131856,Ashish R. Mohan
568267,Klaus Menzel
1062805,John Maclean
66604,Joe Charbanic
116832,Patricia Cardoso
5446,David Hand
89113,John Robert Hoffman
19006,Rachel Grady
80307,Andy Cadiff
486,Wallace Wolodarsky
56828,Christopher Cain
13524,Christopher Guest
504,Tim Robbins
1384771,Jennifer Wynne Farmer
229182,Andrew Leman
10995,David Hayter
16395,Gregory Nava
4489,Steve Oedekerk
31120,Robert Adetuyi
101377,Paul Bartel
930629,Jamie Travis
56474,Shona Auerbach
89395,Katherine Dieckmann
18378,Herbert Ross
74638,Karen Moncrieff
59646,Kinka Usher
1219158,Scott Smith
6011,Michael Haneke
71871,Sergei Bodrov Jr.
50942,Gregory Poirier
56194,Paolo Sorrentino
479587,Dylan Bank
223098,Will Canon
930710,James Ponsoldt
64151,Mike Mitchell
63943,Rowdy Herrington
172,Michael Winterbottom
93136,Charles Binamé
1144092,Matt Johnson
16378,Mary Harron
582527,Eric England
1102620,Christopher Bessette
939123,Kat Coiro
37852,George Hickenlooper
42617,Antonia Bird
4499,Tom Shadyac
998842,Efram Potelle
70221,Christian Carion
19242,Tony Gilroy
15672,Nadia Tass
53178,Mike Tollin
73832,Jessy Terrero
17114,John Cameron Mitchell
70250,Newt Arnold
83730,Jonathan English
66219,Mark Levin
43141,Pete Travis
5292,Denzel Washington
974,Dexter Fletcher
54733,Greg Mottola
736,Menno Meyjes
56375,Amat Escalante
119819,Anurag Basu
1532382,Joseph Mazzella
24248,Nigel Cole
140086,Matt Cimber
46802,George Ratliff
1434686,Scott Dow
76624,Shane Carruth
57274,Panna Rittikrai
56146,Gaëtan Brizzi
57630,Peter Cattaneo
1460398,Kristin Rizzo
1291408,Matthew Watts
2053,Bill Paxton
102634,Katt Shea
1349420,Christine Cynn
15774,Chris Buck
19000,Wayne Kramer
18679,Mark Tarlov
1002001,Frank Lotito
16853,Jessie Nelson
52044,David Winning
80752,Shinji Higuchi
309,Pedro Almodóvar
57405,Jeff Schaffer
112632,Eddie O'Flaherty
1232592,Chris Eyre
72757,Steve McQueen
26760,Tsui Hark
67767,Hal Needham
1210747,Aleksandr Veledinskiy
556172,J.C. Chandor
1155992,Zoran Lisinac
1158417,Victor Teran
57492,Morgan Spurlock
879,Billy Bob Thornton
52599,Justin Zackham
1066308,Aaron T. Wells
71923,Shane Acker
47974,Bob Spiers
54525,Jaume Balagueró
12824,Don Hahn
1404799,Vicky Jewson
20133,Tod Williams
130358,Éric Tessier
122449,Steve James
567559,Kurt Engfehr
15378,Carol Reed
52779,Ryan Murphy
67753,Mark L. Lester
78485,Jeff McGrath
132812,Jonathan Parker
185438,Genndy Tartakovsky
69696,Daniel Algrant
31024,Betty Thomas
81856,Nicholas Jarecki
57741,Mark Osborne
151232,Wil Shriner
66960,Dennie Gordon
6198,Vondie Curtis-Hall
130816,Jesse Peretz
107168,Stephen Kijak
141824,George Jackson
79656,John Schultz
1164825,Gene Teigland
21377,Peter Medak
7017,Roger Michell
4760,Deepa Mehta
144277,Fina Torres
51917,Larry Clark
155747,David M. Matthews
57125,Greg Marcks
71872,Jeff Nichols
59911,Daniele Luchetti
71082,Andrea Arnold
109695,Jeffrey W. Byrd
53925,Jared Hess
8965,Roland Joffé
107414,Philip Saville
22558,Nils Gaup
20709,Vincent Paronnaud
135601,Troy Nixey
4945,Joe Johnston
57433,George Ogilvie
14520,John Sturges
58822,Danny Steinmann
1108,Shane Black
646785,Kim Nguyen
1776,Francis Ford Coppola
111745,Frank Sebastiano
78562,Phil Traill
68994,Ron Fricke
1098107,Wayne Thornley
86038,Josh Crook
12988,Paul Michael Glaser
11983,Alain Resnais
11429,Hamilton Luske
66088,Ronald F. Maxwell
59466,Jamie Babbit
1454564,Mario Miscione
107725,Harmage Singh Kalirai
61371,Todd Edwards
82840,Dana Adam Shapiro
52629,Joseph Ruben
21657,Vera Farmiga
65856,Eric Leighton
141825,Rusty Cundieff
2523,Stuart Baird
8482,Robert Mulligan
68770,Mark Rosman
50460,Michael Mayer
87360,Michael Taliferro
6284,Kay Pollak
33485,Ron Underwood
1555903,Étienne Faure
53176,John Gatins
92935,Don Kempf
1650,François Truffaut
934,Russell Crowe
66739,Jonathan Liebesman
6349,Alan J. Pakula
228797,Richard Kwietniowski
146884,Sandra Fierlinger
18863,Eric Darnell
54526,Paco Plaza
66222,James Fargo
21526,Rod Lurie
219961,Kim Farrant
82822,Phil Claydon
1491995,Rick de Oliveira
21126,Frédéric Auburtin
928490,Camille Delamarre
30365,Michael Caton-Jones
74924,Mabrouk El Mechri
25236,Johnnie To
52479,Eli Craig
7018,Richard Curtis
56660,Lorna Cook
550857,Tim Chambers
1410294,Stephen Greene
2589,Terry George
80924,Björn Stein
545261,Cassandra Nicolaou
57199,Mark Mylod
37932,F. Gary Gray
74619,Sean Anders
26849,Daniel Myrick
930701,Marius Markevicius
25453,Stefen Fangmeier
909318,Andrew Erwin
52856,Hunter Richards
17510,Ol Parker
12964,Michael Ritchie
6980,Émile Gaudreault
686,Willard Huyck
985146,Jonathan Meyers
88506,Joel Paul Reisig
111686,Jim Field Smith
161858,David Raynr
12840,John Badham
2209,Jan de Bont
43993,Christophe Barratier
656971,Joseph Dorman
88837,Larry Blamire
56208,Lucrecia Martel
68843,Jon Hurwitz
23287,Andrew Jarecki
72258,Steve Boyum
222470,Todd Strauss-Schulson
64163,Kimble Rendall
10943,Francis Lawrence
108072,Ruba Nadda
95972,Hans Petter Moland
5342,Mike Nichols
78021,Lloyd Kaufman
64152,Robert Stevenhagen
16785,Peter Webber
65298,Brian Henson
58628,Sara Sugarman
57594,John Cornell
73460,Saul Dibb
21931,Chris Nahon
23430,Timur Bekmambetov
2876,Matt Dillon
86194,James Sbardellati
121473,Jamal Hill
1414864,Mor Loushy
137064,Robert Moresco
137475,Richard J. Lewis
64139,Joshua Michael Stern
80538,Jean Duval
16214,Mario Van Peebles
1243,Woody Allen
30711,Kenneth Lonergan
78481,Hans Canosa
65390,Scott Kalvert
17281,Mike Hodges
4339,Paul Crowder
66777,Bob Fosse
1686667,Taylor Scott Olson
84931,Michael Cuesta
1045480,Meiert Avis
1577521,Manuel Marín
133259,Arthur Hiller
46297,Jay Russell
15361,Josef Rusnak
16888,Ralph Nelson
17087,Michael Moore
5345,Bennett Miller
17329,Neil Burger
129718,Shana Feste
1200528,Claudia Sainte-Luce
47333,John Wells
18308,Steve Barron
11012,Michael Dougherty
111085,Jean-Jacques Mantello
132876,Brad Peyton
12219,Jon Stewart
74655,Jeremy Saulnier
56059,Patrick Read Johnson
77300,Michael Schultz
1224,Ethan Coen
12833,Edward Burns
125637,Brian Baugh
87378,Ayan Mukherjee
50582,Frederik Du Chau
51984,Mimi Leder
133790,Michael D. Olmos
14773,Don Siegel
71339,Rick Bieber
58514,Jim Sonzero
54441,James Ivory
53212,David Jacobson
17246,Phil Morrison
592493,David Lowery
68,Fritz Lang
2199,Scott Frank
12962,Jon Turteltaub
36083,Kevin Allen
76095,Jennifer Finnigan
17633,Rob Marshall
80671,John Sanford
114597,Julie Anne Robinson
437833,Patricia Riggen
29648,Dan Curtis
58220,Hugh Hudson
557818,Jonathan Kesselman
1201090,Sherman Alexie
61069,Miguel Arteta
27571,David Slade
16304,Brian Koppelman
47506,Drew Goddard
16919,Olivier Dahan
84515,Katherine Brooks
9915,Guy Hamilton
12632,Daniel Sackheim
10707,Terry Jones
31033,Oxide Pang Chun
1208166,Brian Dorton
84061,Daniel Barnz
6361,Nick Hamm
73499,Bruce McCulloch
1098477,Callan Brunker
1046494,Kris Pearn
57207,Tony Jaa
21394,Gerry Lively
1360240,Jim Chuchu
366,James Mangold
72133,Vicente Amorim
1088647,Maggie Carey
103031,Eric Nicholas
16305,David Levien
93047,Joshua Seftel
33316,David Nutter
688807,H.M. Coakley
52691,Anthony Stacchi
145304,Udayan Prasad
20237,Beeban Kidron
55189,Bruce McDonald
1921,George Nolfi
42,Lars von Trier
20779,Gary Sinyor
113799,Frank Perry
20674,Thomas Langmann
65531,Eric Goldberg
74299,Pixote Hunt
61111,Tara Subkoff
31211,Clive Barker
132857,Eric Wareheim
10099,Park Chan-wook
56506,William Dear
52159,James D. Stern
36797,Robert Luketic
34891,Mike Johnson
37627,Dany Boon
991853,David Rodriguez
6778,John Guillermin
168667,Jason Moore
2176,Tommy Lee Jones
54176,Nicolas Guy
2690,Peter Weir
20629,George Miller
16848,Rob Zombie
57436,Christopher Leitch
11694,Doug Liman
212,David Cross
21031,Alejandro Agresti
57370,Frank Coraci
27728,Leslie H. Martinson
876,Jonathan Hensleigh
1184351,Georgia Hilton
3026,Rob Reiner
78188,Whit Stillman
41671,Nimród Antal
1148217,Analeine Cal y Mayor
57206,Sally Potter
20659,Marjane Satrapi
17867,Tom McCarthy
26481,Anand Tucker
24045,Joseph Gordon-Levitt
84113,Charles Robert Carner
1124971,Mariette Monpierre
135534,Léa Pool
21198,Peter Sohn
101666,Paul King
307546,Jim Hanon
22461,Vincent Gallo
240740,Daniel Junge
96369,Carlos Saura
52038,Thomas Carter
6431,Darren Aronofsky
2171,Griffin Dunne
1281387,Clay Kaytis
2291,Paul McGuigan
33433,Scott Hicks
95550,Avi Nesher
1009255,Jason Trost
91603,Yaron Shani
142276,Ariel Schulman
69737,C. Jay Cox
99496,Raymond De Felitta
557883,David Evans 
77121,Randall Miller
45572,Ruggero Deodato
126910,Derrick Borte
83281,Lenny Abrahamson
144528,Bruce MacDonald
4746,Robert Lorenz
30368,Jon Kasdan
18525,Luc Jacquet
56502,Peter Spierig
1514634,Darren Press
118303,Nacho Vigalondo
17520,Cédric Klapisch
132239,Babak Najafi
34692,Craig Bolotin
50719,Rodman Flender
123913,Nicolas Bonilauri
52112,Steve Carr
12080,Conrad Vernon
74298,Francis Glebas
81328,Andrew Traucki
87121,Vic Sarin
12708,Peter Billingsley
12099,Raman Hui
1462,Tim Blake Nelson
52443,Jason Reitman
4037,Ron Shelton
120229,Jafar Panahi
34611,Howard Zieff
67896,Doug McHenry
14597,Gaspar Noé
131455,Valerie Red-Horse
1269,Kevin Costner
102445,John Sayles
138322,Victor Nunez
21305,Lloyd Bacon
53935,Dito Montiel
53767,Roger Vadim
16957,Fenton Bailey
582918,Nick Murphy 
118463,Peter DeLuise
1167470,Gary Shore
1109245,Digby Cook
1032,Martin Scorsese
126125,Bill Plympton
90492,Lynn Shelton
32765,Tony Richardson
26205,James Bobin
78298,Mike Nawrocki
64061,Fred Schepisi
141706,Chuck Sheetz
1301700,Bruce Dellis
930627,Youssef Delara
141450,Mel Smith
1058138,Peter M. Cohen
65190,Philip G. Atwell
38774,Ray Lawrence
227936,Benedek Fliegauf
66879,Kresten Vestbjerg Andersen
17447,Terry Zwigoff
50583,Adam Rifkin
77911,Deb Hagan
3415,Jerry Zucker
168330,Ben Lewin
9339,Lilly Wachowski
101810,Benjamin Dickinson
54559,Christian Alvart
449832,Hayley Cloake
57692,Neal Brennan
59291,Alexandre Aja
67897,Jeff Kanew
17835,Ricky Gervais
140372,David Palmer
71080,Hitoshi Matsumoto
1504620,Giovanni Zelko
233519,James David Pasternak
19840,Alejandro Amenábar
61290,Matthew O'Callaghan
26767,Ringo Lam
78866,John H. Lee
107447,Michel O. Scott
208113,Sarah Smith
51851,Jake Kasdan
231431,Thomas Lilti
1710652,Anonymous
126599,Vincent Patar
21404,Kurt Voss
56501,Michael Spierig
20305,Christopher Roberts
90812,Scott Mann
49555,Petter Næss
225976,Dan Scanlon
72624,John Duigan
93419,Don Scardino
142513,Emma-Kate Croghan
16356,Steve Bendelack
58403,Glen Morgan
11090,Edgar Wright
939176,Becky Smith
125324,William Eubank
3289,Paul Weitz
5872,Joshua Marston
81850,Duncan Jones
65452,Mike Leigh
1289580,Daniel Mellitz
11357,Bruce Campbell
165787,Rich Moore
11151,Nick Cassavetes
133398,Quentin Dupieux
11809,Rupert Wainwright
5065,David Frankel
78118,Vadim Perelman
53708,Ira Sachs
15521,Ernest R. Dickerson
105239,Stuart Hazeldine
72427,Alan Rudolph
1056121,Ryan Coogler
15811,John Musker
1413504,Shyam Madiraju
84165,Michael Dinner
1053420,Josh Boone
11649,Cameron Crowe
16745,Melville Shavelson
93288,Sarah Gavron
79434,Craig Zobel
27745,Robert C. Cooper
108217,Jerry Rees
66983,Tom Kalin
57898,William Malone
19311,Stephen Chbosky
96627,André Téchiné
29342,Noel Marshall
1331465,Andrew Hyatt
77147,John Erick Dowdle
161932,Jim Rash
82579,Kevin Tenney
20561,James Gray
40345,Don Bluth
1562421,Eric Bugbee
154705,Chris Butler
81476,Ariel Vromen
77465,Ash Baron-Cohen
58868,Troy Miller
2675,Darren Lynn Bousman
57173,Jeff Lowell
115627,Kevin Hamedani
1670361,Catherine Owens
109905,Lance Kawas
114925,Richard Dutcher
13284,Stanley Donen
559968,Leslie Small
124748,Chris Renaud
1288796,Gerard Johnstone
3224,Stephen Frears
44847,David Anspaugh
64992,Hou Hsiao-hsien
80602,Tyler Perry
27992,Brian Yuzna
1409418,Tuck Tucker
58189,Justin Lin
23677,Joe Pytka
84714,Juan José Campanella
110695,Majid Majidi
1070682,Fernando Baez Mella
1030160,Richard Raymond
4385,Sergio Leone
12714,Zack Ward
69579,James Isaac
38516,Denys Arcand
1927,Blake Edwards
1169157,Timothy Woodward Jr.
1385666,Rita Merson
93592,Jérôme Deschamps
78023,Michael Herz
58036,Kirk Wong
82413,Jack Conway
185995,Michael Walker
1128550,Timothy Hines
71329,Jonas Åkerlund
116000,Svyatoslav Ushakov
5572,Joel Schumacher
565524,Chatrichalerm Yukol
71527,Marco Schnabel
1193602,Gia Coppola
5058,Roger Christian
5140,Wes Craven
58294,George Armitage
235820,Christopher Spencer
59023,Stewart Raffill
94155,Stefan Schwartz
1734565,Jaco Booyens
137467,Ben Wheatley
86688,Levan Gabriadze
11091,Brett Ratner
18878,Rob Cohen
98094,Brett Piper
52935,John Francis Daley
18281,Donald Petrie
261271,Maurice Joyce
14086,Sajid Khan
10179,John Glen
114596,Jake Goldberger
131668,Nathan Frankowski
75687,Christian Robinson
55075,Jeff Wadlow
774,"Daniel Petrie, Jr."
1288700,Collin Schiffli
15217,Zack Snyder
2632,Chris Rock
82839,Henry Alex Rubin
57865,Álex de la Iglesia
583023,Frank LaLoggia
145605,Harry Beaumont
43673,Tom Reeve
14855,Frank Borzage
141673,Jason Eisener
82101,Robert Hall
56911,Les Mayfield
2917,James Whale
1223175,Elizabeth Allen Rosenbaum
1296119,Na Hong-jin
221944,Katie Aselton
110726,Joseph Green
1031144,Chad Hartigan
8636,Cecil B. DeMille
71068,Phyllida Lloyd
940807,Jorge Ramírez Suárez
1176,Lone Scherfig
6111,Mike Figgis
228177,William Kaufman
1117026,Ritesh Batra
150003,Graham Heid
80013,Trevor Matthews
41549,Andrew Fleming
229568,Lisa Azuelos
527607,Sean Durkin
20657,Cristian Mungiu
45996,Ryûhei Kitamura
29524,Rand Ravich
62797,John Gulager
146026,D. Stevens
551463,Mike Flanagan
13615,Harry Elfont
303056,Craig Johnson
8246,Barry Levinson
68212,Carroll Ballard
10828,Guillermo del Toro
5917,Ernie Barbarash
5174,Barry Sonnenfeld
49605,Ekachai Uekrongtham
4109,Michael Curtiz
22423,Herb Freed
567558,Joe Cross
8858,Ivan Reitman
58689,Neil LaBute
21246,Corbin Bernsen
37948,Brad Anderson
13079,Gavin Hood
14392,Kathryn Bigelow
34517,Trey Parker
58059,Chris Koch
27846,John Herzfeld
82194,Neill Blomkamp
53120,James DeMonaco
56717,Tom Vaughan
2945,Stephen Gaghan
72543,Sam Firstenberg
76009,Arie Posin
2163,Richard LaGravenese
1321304,Patrick Ryan Sims
15287,Niki Caro
11181,Kenneth Branagh
6163,Adam Goldberg
24294,Ben Younger
525,Christopher Nolan
5192,Marco Kreuzpaintner
48965,Anthony Hickox
9577,George Roy Hill
1046127,Jason Stone
4429,Jim Jarmusch
40230,Kevin Hooks
1082114,Timothy Bjorklund
112630,Dean Wright
1372345,Sadyk Sher-Niyaz
17046,Gary Winick
110873,Igor Kovalyov
608,Hayao Miyazaki
6593,John Huston
239418,Darren Stein
107274,Richard Rich
84769,Michael Worth
41887,Michael Polish
12523,Rob Bowman
819,Edward Norton
2419,Jean-Pierre Jeunet
110834,John Murlowski
64045,Kirk Jones
638,Michael Mann
583894,Pascal Vuong
64141,David Gordon Green
120515,Theodore Witcher
33317,David Leland
6449,Warren Beatty
11676,Mark Pellington
16484,Joey Lauren Adams
7426,Duncan Tucker
27889,Stephan Elliott
16847,Eli Roth
1150877,Maksim Sveshnikov
60621,Jeff Franklin
1270,Charles Martin Smith
94222,David Pastor
82335,Richard Glatzer
18844,John Madden
87082,Jim Mickle
88967,Greg Berlanti
55265,Jonathan Silverman
54472,Martin McDonagh
66563,Fred Wolf
23858,Harley Cokeliss
7270,Adrian Lyne
41041,Christopher Smith
63052,Julian Gilbey
1070340,Simon Yin
38023,Michael Patrick King
7314,Nick Park
455,Paul Haggis
18323,Marc Lawrence
151175,Pascal Hérold
18854,Martin Ritt
51600,Clare Kilner
2036,Alex Garland
98521,Floria Sigismondi
1043404,Michael Roemer
1081445,Brandon Cronenberg
2461,Mel Gibson
1110102,Michael Tiddes
6220,Gurinder Chadha
1110343,Lauren Lazin
16767,Aki Kaurismäki
5575,Akiva Goldsman
51918,Harmony Korine
2636,Alfred Hitchcock
8193,Florian Henckel von Donnersmarck
58552,Burr Steers
56263,Mary Lambert
1498767,Khalil Sullins
75544,Jeremy Sims
51996,Brian Klugman
86203,Bart Freundlich
302339,Lance Rivera
53069,Anna Boden
42171,Jonathan Kaplan
55116,Joe Chappelle
996070,Charles Adelman
78040,Alex Kendrick
87033,Julie Davis
1645102,Jason Miller
137392,Nickolas Perry
1219210,Mark Piznarski
230157,Dominic Burns
72034,Jacob Aaron Estes
53431,Nadine Labaki
1788,Nicholas Meyer
77269,John Crowley
6038,Greg Strause
91602,Scandar Copti
12524,Chris Carter
1205756,Patrick Gilmore
1401541,Travis Cluff
8500,John Ford
111588,J Blakeson
127823,Agustín Díaz Yanes
2228,Sean Penn
71280,Michael Dowse
25735,Christian Duguay
9049,Victor Fleming
13848,Charlie Chaplin
157879,Alison Maclean
554946,William Sachs
64210,Maïwenn
136345,Sean Byrne
8559,Kátia Lund
228,Ed Harris
222098,Justin Molotnikov
9168,Alan Parker
144430,Paul Donovan
61983,Jason Marsden
1024823,Brian A Miller
4759,David Kellogg
19228,Jim Fall
40256,D.J. Caruso
57154,Lance Hool
6648,Ingmar Bergman
557179,Ed Gass-Donnelly
77965,Morten Tyldum
96745,Stephen Milburn Anderson
1438306,Lijun Sun
20307,Joachim Rønning
74396,Tomas Alfredson
23590,David LaChapelle
230059,Matty Rich
1223,Joel Coen
18865,Louis Leterrier
1726,Steven E. de Souza
15812,Roger Allers
836732,Jake Schreier
9039,John Ottman
6037,Colin Strause
154,Walter Murch
110876,Rachel Goldenberg
1393858,Stanton Barrett
140354,Ulu Grosbard
58072,John Pasquin
1360439,Collin Joseph Neal
21981,Harald Zwart
63820,Christian Ditter
20310,Takashi Shimizu
1101410,Dave Green
36804,Peter Chelsom
17825,Shawn Levy
7395,Bobby Farrelly
80630,Martin Koolhoven
75646,Bryan Barber
99240,Stephen Langford
7775,Stephen Sommers
69168,Leonard Farlinger
54827,Dave Meyers
7187,Richard Donner
4610,John Landis
61373,Cory Edwards
558929,David Robert Mitchell
3191,Risa Bramon Garcia
13563,Norman Jewison
35736,Karan Johar
54050,Mark Waters
194915,Robert Bennett
56435,Stephen T. Kay
91252,Alex Rivera
80999,Fyodor Bondarchuk
510,Tim Burton
62863,Jorma Taccone
151092,Eric Eason
58453,Peter Faiman
11037,Lukas Moodysson
1642,Jean-Marc Barr
12098,Chris Miller
114545,Ivan Engler
47893,Gary Nelson
131388,Bradley Rust Gray
933739,Zal Batmanglij
145169,Martyn Pick
568822,Mary Pat Kelly
158835,Sharron Miller
578,Ridley Scott
2293,Frank Miller
568322,Dan Trachtenberg
9108,Don Taylor
135113,André Øvredal
880,Ben Affleck
64743,Adam Marcus
31074,Kinji Fukasaku
56381,James Toback
226599,Norman Ferguson
90508,Ruairi Robinson
18669,J. Lee Thompson
11887,Brad Silberling
17350,Kevin Macdonald
143430,Ham Tran
115677,Coky Giedroyc
4967,Colin Higgins
67619,Guy Green
8685,Andrew Niccol
80384,Paul Andrew Williams
56891,Rachel Talalay
18311,Joe Roth
136153,Peter Atencio
13235,Alexander Payne
29605,Mikael Håfström
1744,Robert Wise
3632,Richard Brooks
52358,Boaz Yakin
85925,Hilary Brougher
1128,Agnieszka Holland
9855,Terence Young
74626,Dan Reed
1187609,W.D. Hogan
68573,Walt Becker
1401542,Chris Lofing
35694,Jason Friedberg
55299,Mark Herman
51534,Lucky McKee
4910,Michael Clancy
58728,Andrei Konchalovsky
86482,Mark Tonderai
32532,Brad Lewis
87191,Billy Kent
57035,Reinhard Klooss
558177,Jonathan Newman
95024,Bobcat Goldthwait
94831,Maggie Greenwald
14172,Michael McCullers
15309,Lori Petty
55441,David Boyd
1032103,Rakesh Roshan
1978,Iain Softley
19333,Dick Richards
989831,Nicholas Fackler
67367,Rian Johnson
565297,Jeff Newitt
77964,Mike Barker
62410,Sammo Hung
139098,Derek Cianfrance
70238,Chris Williams
35453,Pierre Morel
53267,Craig Brewer
142013,Gareth Evans
94075,David Soren
1330499,Daniel Garcia
229097,Lionel C. Martin
52371,J.S. Cardone
27005,Don Michael Paul
1096867,Thea Sharrock
64815,Robert Iscove
119665,Gregory Jacobs
133406,Dan Rush
18635,Ted Post
893,Tony Scott
30870,Dave Payne
769,Martin Brest
51298,Dax Shepard
1156260,Brad J. Silverman
67781,Peter Kosminsky
58292,Aaron Schneider
11430,Jim Handley
54248,Christopher B. Landon
36805,Audrey Wells
10400,Barbra Streisand
11448,Allen Hughes
1291685,Taedong Park
5469,Ralph Fiennes
52094,Jerry Jameson
129941,Alan Shapiro
123694,Rob Pritts
1284493,R.J. Cutler
57885,Michael Wadleigh
543568,Kim Jee-woon
1162816,Deborah Anderson
1040955,Valeri Milev
285452,Pete Jones
92015,Lu Chuan
11720,Jiří Menzel
62048,Kirk Wise
71797,Alex Gibney
11432,T. Hee
1867383,Rohit Jagessar
64195,Joseph Zito
52968,Russell Mulcahy
1110059,Travis Romero
141503,David Lam
57193,Gil Kenan
66517,Andrew Jacobson
84697,E.L. Katz
1171387,Thomas L. Phillips
17295,Ning Hao
71600,Seth Gordon
21415,Robby Henson
1271,Andy García
1031972,Paul Bunnell
9181,Edward Zwick
6733,Dan Mazer
77277,Nate Parker
27436,Costa-Gavras
27875,Alex van Warmerdam
323,Curtis Hanson
21712,Carl Franklin
9340,Lana Wachowski
8300,Kevin Reynolds
7881,Jill Culton
270361,Aleksey German
64114,Edward Dmytryk
108952,Mike Disa
1039527,Tyler Gillett
17403,Mike Judge
1161761,Catherine Gund
55421,Betsy Chasse
23532,Jason Bateman
40,Orson Welles
74297,Hendel Butoy
488,Steven Spielberg
15218,James Gunn
67316,Masayuki Ochiai
1375201,Ken Scott
122423,Yorgos Lanthimos
56789,Thomas Bezucha
31621,Jeff Burr
91268,Ruben Fleischer
18897,Jackie Chan
70579,Serdar Akar
113600,Susanna White
28902,Gregory Widen
999812,Bradley Parker
92743,Jamin Winans
197,David Silverman
1174031,George T. Miller
105860,Kevin Carraway
12698,Bob Clark
57633,Rawson Marshall Thurber
7482,Julian Schnabel
74339,Dave Willis
138857,Jacques Cluzaud
558559,Al Silliman Jr.
130822,Trent Cooper
41039,Judd Apatow
47640,Clark Johnson
50767,Craig Gillespie
26095,John Patrick Shanley
117075,Henry Jaglom
115585,Richard Boddington
648,Philip Kaufman
664,Frank Marshall
1318092,Paul J. Lombardi
2294,Robert Rodriguez
76418,Stuart Gillard
87178,Michael O. Sajbel
11057,Robert Towne
1172908,Andrés Couturier
98541,Michael Hoffman Jr.
2380,David Carson
589159,Matt Piedmont
12058,Vicky Jenson
237393,James Bidgood
66605,Todd Solondz
84834,Trevor Moore
13899,G.W. Pabst
72206,Robert Pulcini
11572,Carl Theodor Dreyer
22677,Max Färberböck
7930,Jan Pinkava
5713,Chris Wedge
12987,David Zucker
24657,Franco Zeffirelli
1100753,Ryan Smith
86439,Norton Virgien
19012,Davis Guggenheim
7409,J.B. Rogers
6495,Mira Nair
40508,James Cox
7213,Jonathan Mostow
20766,Richard E. Grant
586002,Andrew Haigh
439236,Zackary Adler
60045,Eric Bross
21958,Mark Rydell
37710,Peter Hyams
107446,Phil Lord
1032536,Robert Stromberg
60237,John A. Davis
162102,Myles Berkowitz
3110,Allison Anders
88077,Alex Zamm
21792,George Gallo
145142,Ciaran Foy
934803,Josh Trank
33315,Richard Loncraine
4755,David R. Ellis
86051,Joshua Logan
10702,Martin Campbell
3417,Tony Goldwyn
64909,Jean-Marie Poiré
12891,Joss Whedon
80691,Gary Chapman
8296,Christophe Gans
1748,William Shatner
64131,Courtney Hunt
1137903,Sam Taylor-Johnson
37360,Henry Hathaway
131060,Chris D'Arienzo
96222,Laurie Collyer
12648,Bob Dolman
69797,Dean DeBlois
57521,Steve Beck
84021,Paul Gross
68412,Toshio Masuda
74152,Christine Jeffs
74878,Tay Garnett
1111710,Brenna Sanchez
59210,Patrick Stettner
69801,Alan Metter
57581,Neil Marshall
1708905,Pece Dingo
1149038,Duane Journey
227438,Stephen Anderson
41621,Tony Krantz
57434,Amy Heckerling
115226,Eric Mendelsohn
8392,Pascal Chaumeil
121588,Eric Lavaine
126638,Mark Andrews
40223,Joe Carnahan
24886,Frédéric Forestier
57777,Darin Scott
86262,Michael Kang
110618,Cyrus Nowrasteh
928915,David Gelb
33064,Henry Koster
1311595,James Mather
5834,Robert Stevenson
21339,Jez Butterworth
57090,Brett Leonard
24757,Sylvio Tabet
1223224,Lee Matthews
63571,Wilson Yip
20907,Antoine Fuqua
56661,Jonathan Levine
62872,Katja von Garnier
65865,Damien O'Donnell
64191,Lawrence Guterman
15337,John Polson
545086,Beto Gómez
127936,Chris Stokes
74159,Robert B. Weide
57270,Robert Schwentke
938649,Amanda Gusack
21681,Nobuhiro Suwa
14911,Penny Marshall
17439,Mike Mills
82641,Paul Fox
34849,Ted Demme
8789,Mathieu Amalric
932013,Deryck Broom
29783,Fred Durst
57134,James Wong
65615,Wych Kaosayananda
18342,Todd Graff
114615,Patrick Doughtie
51023,Marcus Dunstan
8328,John Milius
1310518,Colin Minihan
5656,Noah Baumbach
61357,Geoffrey Sax
1099862,Dean Israelite
9894,Bernhard Wicki
49903,Tim Hill
12677,Matthew Robbins
7397,Ed Decter
77162,Rodrigo García
55018,Karim Aïnouz
131242,Anthony Bell
19003,Heidi Ewing
585161,David Oelhoffen
65702,Kent Alterman
2691,Tom Schulman
1375627,Sharon Greytak
929825,Ava DuVernay
56349,Victor Salva
3087,Robert Duvall
5696,Bruce Beresford
53671,Rakeysh Omprakash Mehra
158480,Dan Zukovic
280,Terry Gilliam
814,Tony Kaye
56173,Mike Marvin
2150,Kevin Greutert
92287,Alex Craig Mann
47275,Lajos Koltai
1723,Walter Hill
7191,David Webb Peoples
35005,Jeremy Brock
1263110,Travis Legge
124783,Perry Lang
4780,Wolfgang Becker
933320,Eldar Rapaport
2746,Elia Kazan
26714,John R. Leonetti
39819,Wayne Wang
210562,Catherine Jelski
66022,Pascal Arnold
11343,David Yates
52701,Fergal Reilly
1736589,Danny Provenzano
106491,Mark Griffiths
223909,Hue Rhodes
1378892,Jerry Dugan
208138,Daniel Hsia
2178,Forest Whitaker
40307,John Maybury
237884,Andrucha Waddington
108497,David Caffrey
87742,Marc Webb
76998,James Marsh
1179590,Scott Walker
71267,Kirk De Micco
1158156,Marcos Martínez
52849,Louis C.K.
75920,Jeremy Passmore
32278,Matt Reeves
5690,James Algar
51894,Juan Antonio Bayona
144221,Brad Furman
582841,Tom Seidman 
23880,Steven Seagal
2710,James Cameron
35770,Yash Chopra
47503,Nancy Walker
1551346,Matthew Robinson
4483,Dustin Hoffman
2388,Jonathan Frakes
141169,Sngmoo Lee
19665,John Boorman
26502,Howard Deutch
225898,István Szabó
26713,Chuck Russell
137427,Denis Villeneuve
1027017,Dan Cutforth
70076,Russell Friedenberg
143079,Christian E. Christiansen
94011,Bill Melendez
65630,Rob Letterman
17397,Callie Khouri
19969,Pat O'Connor
10757,Jane Campion
29214,Anne Fletcher
54795,Troy Duffy
32593,Steven Brill
70100,Shinji Aramaki
16590,Sheldon Lettich
29433,Lucio Fulci
8029,Jimmy Hayward
84451,Leon Ford
1257827,Max Joseph
21879,Simon Wells
33094,Gary Sherman
11427,William Roberts
1424432,Johanna Schwartz
170820,Ben Falcone
20030,Jacques Perrin
17845,Michael Meredith
56150,Ellory Elkayem
21371,Amy Holden Jones
74436,Olly Blackburn
13294,Gene Kelly
468,Stephen Daldry
35452,Corey Yuen Kwai
125044,Babar Ahmed
67813,Baltasar Kormákur
94917,Mitchell Altieri
11428,Paul Satterfield
13776,John Frankenheimer
84833,Zach Cregger
10076,Lewis Gilbert
116330,Patrick Creadon
76245,Adam Carolla
59803,Brenda Chapman
20824,Perry Andelin Blake
67834,Floyd Mutrux
41670,Rebecca Miller
36602,Peter Berg
1134201,Edward Hall
19866,Guillaume Canet
17698,Nancy Meyers
133684,Tim Boxell
18738,George Stevens
229962,Mike Thurmeier
26648,Luis Llosa
24318,Richard Benjamin
1375378,David Ray
50651,Takao Okawara
81853,Shigeyasu Yamauchi
114396,John Reinhardt
2765,Nicholas Ray
58137,Chris Noonan
18357,Peter Hewitt
44114,Simon J. Smith
109026,Piyush Dinker Pandya
10781,Michael Apted
56956,Michael Cohn
74600,Joshua Tickell
53014,Jessica Bendinger
70777,Kevin Rodney Sullivan
5216,Gus Van Sant
74259,Brian Dannelly
217587,Leslye Headland
117794,Chris Morris
73161,Frank Nissen
15175,William Friedkin
93905,Allan Dwan
1571422,Warren Sheppard
16834,Allen Coulter
73588,Marc Schölermann
129716,Julio DePietro
7324,Pan Nalin
1395853,Mauricio De la Orta
86293,Robert M. Young
17871,John Hamburg
61175,John Whitesell
88142,Vipul Amrutlal Shah
1038,Jodie Foster
41270,Chuck Bowman
1216147,Anthony Hemingway
15344,J.J. Abrams
57607,Stephen Chow
135650,Melvin Van Peebles
4723,Brian Helgeland
33036,Roland Suso Richter
150641,Gary Halvorson
5953,Spike Jonze
10765,Andrzej Bartkowiak
1011,Susanne Bier
225887,Michel Leclerc
82219,Luis Valdez
60922,Josh Gordon
56411,Glenn Ficarra
64194,Paweł Pawlikowski
117168,Hank Braxtan
130687,Erik White
30149,Mikael Salomon
54644,Joel Zwick
120426,Feroz Abbas Khan
52845,Karey Kirkpatrick
18889,Mic Rodgers
110427,Kriv Stenders
932088,Scott Speer
54240,Tamara Jenkins
57604,Joel Gallen
1201,Garry Marshall
16959,Jonathan Dayton
117052,Jorge Blanco
38131,Sergey Bondarchuk
21678,Olivier Assayas
13581,Brian Levant
94108,Dennis Iliadis
22100,Hugh Johnson
70520,Shane Meadows
144519,Gilles Paquet-Brenner
98103,Richard Ayoade
21693,Motonori Sakakibara
130482,Mary McGuckian
66190,Tony Bancroft
41530,Nick Love
3950,Len Wiseman
12238,David Lean
65677,Don Mancini
107730,Tran Anh Hung
57895,Robert Harmon
566328,Michael Sucsy
1521130,Andrew Steggall
228643,Morgan Neville
1179066,Wes Ball
2226,Sydney Pollack
1454563,Aaron Hann
108,Peter Jackson
34453,Kevin Bray
865,Michael Bay
76927,Tommy Wirkola
173607,Bruce Paltrow
4782,Michael Crichton
125544,Tim Fywell
15663,Joseph Sargent
9032,Bryan Singer
239574,Eugenio Derbez
44113,Steve Hickner
82033,Jon Hess
21506,George Sidney
5892,David Hewlett
152249,Jim O'Hanlon
31497,John Cromwell
71947,Gina Prince-Bythewood
141688,Gary McKendry
56359,Lexi Alexander
58316,John Fortenberry
32868,Erik Canuel
63852,Warren P. Sonoda
36693,Richard Eyre
19850,Catherine Hardwicke
19274,Seth Rogen
1058257,Emily Dell
57142,Andrew Marton
67910,David Atkins
42994,David Dobkin
63550,Tom McLoughlin
1027738,Donovan Cook
5281,Spike Lee
16483,Sylvester Stallone
99339,Ken Shapiro
66193,Chris Sanders
93214,Steven Quale
69371,Jean-Marc Vallée
19684,Bille August
87296,Raja Menon
17597,Juan Carlos Fresnadillo
4319,Stacy Peralta
111944,Bobby Roth
223,Alejandro González Iñárritu
15277,Jon Favreau
113225,Alan Poul
5602,David Lynch
96676,Tomm Moore
35689,Keenen Ivory Wayans
227945,Stefan C. Schaefer
11614,M. Night Shyamalan
1006810,Vladlen Barbe
16960,Valerie Faris
47201,Emily Young
238220,Oleg Stepchenko
1027145,Andrew J. Smith
59126,Alister Grierson
64140,Sanaa Hamri
930212,Jon Erwin 
1215,Raja Gosnell
123150,Mike van Diem
3964,Patrick Tatopoulos
17649,Alexander Witt
1280037,Kate Barker-Froyland
90591,Oren Peli
58656,Doug Lefler
991868,Ari Sandel
132257,Giuliano Montaldo
7312,Angela Robinson
66191,Barry Cook
21768,Sylvain Chomet
9158,Sharon Maguire
10930,Irvin Kershner
549971,Maryam Keshavarz
5714,Carlos Saldanha
607,Zhang Yimou
54781,Allison Burnett
32983,Douglas McGrath
97579,Guy Maddin
80215,Charles Stone III
57691,Tamra Davis
1380244,Blaž Završnik
1579630,Will Graham
59521,Jaume Collet-Serra
1314011,Nathan Smith Jones
20739,Adam Shankman
115309,Khyentse Norbu
45052,Anton Corbijn
160,Eytan Fox
128712,Laurent Bouhnik
24,Robert Zemeckis
16863,Todd Haynes
125738,Daniel Espinosa
81727,Darnell Martin
18823,Dagur Kári
64575,Laurent Tirard
37577,Bigas Luna
43652,Takashi Yamazaki
55710,Adam McKay
1024216,Boris Rodriguez
114614,David Nixon
89824,Jon Wright
15045,Michael Lembeck
75919,Hal Haberman
1182832,Anthony Powell
80537,Dave Borthwick
74589,Chris Paine
73112,John Simpson
140151,William Bindley
94787,Joe Camp
7832,Oliver Hirschbiegel
20219,J. Mackye Gruber
19769,David Ayer
1152981,Graham Annable
10367,John Waters
4586,Pitof
57414,Richard Montoya
36425,McG
139135,Lena Dunham
2662,Frank Capra
143217,张立 | Zhang Li
15056,Michael Gornick
1150,Brian De Palma
1324172,Jeremy Degruson
18254,Simon Wincer
561061,Neil Nightingale
30422,Jack Smight
56736,Xavier Palud
1425142,Matt Jackson
90525,Douglas Cheek
7767,Sam Peckinpah
77441,Darren Grant
96677,Nora Twomey
21647,Gérard Krawczyk
66880,Thorbjørn Christoffersen
40220,Kevin Brodie
10855,Chris Gorak
6400,Tom DiCillo
70287,Will Finn
88323,Pat Holden
58165,Rocky Morton
7399,Ben Stiller
5045,Dan O'Bannon
78545,Conor McMahon
932993,Jamaa Fanaka
92490,Edward Conna
1432207,Rafa Lara
1012105,Mikel Rueda
93991,Soi Cheang
258199,Michael Martin
10601,Joseph L. Mankiewicz
35595,Scott Foley
1565981,Maksim Fadeev
56383,Kelly Reichardt
21136,Michael Cristofer
1141683,Theodore Melfi
14838,James Bridges
114646,Jesse Vaughan
217174,Paul Tibbitt
12079,Kelly Asbury
228041,Márcio Garcia
2408,Jamel Debbouze
17108,Jonathan Caouette
16544,Ted Kotcheff
57454,Jonathan Jakubowicz
21673,Ericson Core
54040,John Lee Hancock
1343882,James Manera
58547,Niall Johnson
58667,Wayne Beach
9868,Peter R. Hunt
66116,Mark Brown
193390,Jon Matthews
83070,Scott Marshall
59229,Damien Dante Wayans
61847,Ethan Maniquis
3893,David S. Goyer
1429671,Kirk Loudon
138,Quentin Tarantino
51521,Robert Greenwald
59635,Jerry Zaks
130530,Christian Sesma
56512,Tarsem Singh
69987,Jérôme Salle
18864,Tom McGrath
97942,Jonathan Teplitzky
30165,Mark Sandrich
33541,Mark Christopher
223516,Benh Zeitlin
63713,Martha Coolidge
587519,Paolo Monico
1035,Paul Schrader
70616,Gerald Potterton
19271,Anthony Russo
13015,Phillip Noyce
23799,Uwe Boll
96172,Sam Levinson
61848,James Dodson
69719,Bruno Barreto
105648,Nat Faxon
21684,Bong Joon-ho
7145,Michael Lehmann
111247,Alan Cohn
288712,Kurt Hale
39822,Rich Cowan
66800,Morgan J. Freeman
36697,Gábor Csupó
77062,Damian Nieman
56998,Dwight H. Little
25598,Paul Greengrass
43518,Lawrence Kasanoff
937439,Salvador Carrasco
1517664,Natalie Bible'
58518,Blair Hayes
55420,William Arntz
1216735,Paul Abascal
234818,Christopher Erskin
96166,John Curran
14674,George Cukor
59412,Michael Patrick Jann
97966,John 'Bud' Cardos
62721,Andrew Douglas
583893,Ronan Chapalain
957,Matthew Vaughn
1088096,James Nunn
70738,Gary David Goldberg
126945,Brian Percival
56147,Paul Brizzi
69597,Drew Barrymore
20646,Gabriele Muccino
1272994,Jonathan van Tulleken
82337,Wash Westmoreland
240150,Derek Yee Tung-Sing
62773,Anna Mastro
19244,Michael Winner
44179,Bruce Hunt
36422,Luke Wilson
10965,Chris Columbus
113733,Britt Allcroft
71548,Peter Sollett
1677569,Ken Roht
29922,Marcus Nispel
74063,Daniel Taplitz
4387,François Ozon
58897,Sam Fell
142587,Greg Tiernan
36147,Charles T. Kanganis
83224,Jamie Thraves
61087,Mennan Yapo
1346215,Lluís Quílez
52405,Michael Hoffman
71418,Demian Lichtenstein
113907,Ian Sharp
74058,Charles Ferguson
131870,Daryl Wein
65167,Scott Cooper
84851,Hoyt Yeatman
107039,Sacha Bennett
12028,John Moore
107630,William Phillips
74569,Joby Harold
3131,Antonio Banderas
1053020,Sterling Van Wagenen
116653,Lance Mungia
68185,Eric Schaeffer
1115066,Molly Bernstein
15002,Dean Parisot
79726,John D. Hancock
72024,Malcolm D. Lee
116357,Scott Stewart
1577,Richard Kelly
52576,José Padilha
7791,Peter Howitt
226089,Scott Moore
7130,Scott Alexander
58260,Martin Weisz
29962,King Vidor
231345,Romesh Sharma
30293,Arthur Rosson
884,Steve Buscemi
69498,Mike Bigelow
77357,Rupert Wyatt
78997,Leon Ichaso
130051,Craig Moss
3288,Chris Weitz
57997,Malcolm Goodwin
92837,Jon Schroder
587800,Todd Lincoln 
929917,Lee Sternthal
150347,John Dower
7501,Ronald Neame
68750,Robert Townsend
64331,Shim Hyung-Rae
1979,Kevin Spacey
1275019,Tom Walsh
56714,Daisy von Scherler Mayer
134129,Benny Boom
12640,David Duchovny
1188585,Kevin King
26882,Kiyoshi Kurosawa
16187,Jeannot Szwarc
76247,Charles Herman-Wurmfeld
56106,Charles Shyer
54967,Sam Weisman
105313,James Mottern
20400,Tim Story
15780,Dan St. Pierre
58164,Annabel Jankel
155531,Joe Cornish
21475,John Putch
27226,Patrick Lussier
64211,Franck Khalfoun
56953,Gene Quintano
936154,Stephen St. Leger
130858,Danny Perez
70500,Tom Hooper
21278,Alan Alda
72344,Asger Leth
45627,Nelson McCormick
1339129,Gnana Rajasekaran
84736,Ivan Passer
33192,Joel Edgerton
72205,Shari Springer Berman
132856,Tim Heidecker
1122434,Chris Atkins
5010,Todd Field
11701,Angelina Jolie
119953,Gabe Ibáñez
1011158,Florent-Emilio Siri
87081,Dave McKean
1044256,Lisanne Pajot
77919,Tim McCanlies
1354959,Justin Tipping
114546,Ralph Etter
1219769,Peter Cousens
136495,Damien Chazelle
122728,Charles Matthau
15531,Ossie Davis
9789,Robert Altman
100516,Max Mayer
52049,Jay Chandrasekhar
112289,Chris Shadley
28904,Hugh Wilson
109978,Ian Fitzgibbon
126763,Vivek Agnihotri
101233,Michael Winnick
20921,Monte Hellman
119419,Deon Taylor
12846,William A. Fraker
74341,Matt Maiellaro
1062889,Bill Muir
34740,Edmund Goulding
1018699,Corey Grant
232216,Carmen Marron
130938,Sergei Bodrov
28898,Michael Radford
109692,David E. Talbert
82222,Emmett Malloy
56539,Nicole Holofcener
17268,Ronny Yu
114004,Noah Buschel
1044250,Panos Cosmatos
9198,Vincent Ward
80923,Måns Mårlind
10586,Richard Lester
7678,Hart Bochner
63306,James Watkins
29226,Julian Jarrold
155267,Christopher Miller
25950,Jean-Paul Rappeneau
59410,Bob Odenkirk
18868,Jerome Robbins
55117,Matthew Bright
588015,Vijay Chandar
550858,Qasim Basir
21692,Hironobu Sakaguchi
1120694,Jennifer Lee
85340,Eric Lartigau
585272,Adam Rapp
105882,Neema Barnette
10808,Stephen Norrington
76422,Ric Roman Waugh
8876,Randal Kleiser
59975,Michael D. Sellers
201,Michel Gondry
113682,Christopher Hutson
78029,Martin Lawrence
971918,Tyler Oliver
66728,Jonathan Glazer
938681,James Duffy
70110,Alan Yuen
930628,Lori Silverbush
21370,Roger Donaldson
224,David Cronenberg
1280031,Mona Lerche
86296,Jason Maurer
12804,Peter Yates
1310498,Ivan Kavanagh
121873,Debra Granik
7313,Steve Box
41550,Andrew Bergman
62116,Bille Woodruff
20218,Eric Bress
1686666,Livingston Oden
6737,Jay Roach
9281,Elizabeth Banks
2260,Steven Zaillian
134639,Jim Goddard
120247,Andrew Gurland
40541,Andrea Di Stefano
9622,Eric Brevig
12095,Cody Cameron
85563,Brian Herzlinger
59026,Peyton Reed
15892,Dan Fogelman
564,Richard Linklater
550280,Anna Muylaert
21769,Bruno Podalydès
80006,Jon Knautz
168798,Josh Schwartz
42175,Richard Stanley
190339,Ian Iqbal Rashid
129514,Peter H. Hunt
1262481,Alessandro Carloni
14999,George A. Romero
1262197,Peter Lepeniotis
22012,David Worth
12453,Wong Kar-wai
492,Janusz Kamiński
72320,Xavier Beauvois
67750,Liliana Cavani
944713,John Stainton
1206,Jason Alexander
47773,Paul Mazursky
85006,Kang Woo-Suk
16328,Adam Brooks
52139,Seth MacFarlane
56913,Stephen Carpenter
68352,Carter Smith
15890,James Foley
119367,Robert Cary
97618,David DeCoteau
71551,Lorene Scafaria
5691,Samuel Armstrong
1039544,Nnegest Likké
32427,W.S. Van Dyke
19272,Joe Russo
57646,Henry Selick
7131,Larry Karaszewski
76230,Diane English
11805,Frank Whaley
90429,Mike McCoy
4014,Paul W.S. Anderson
137262,Steve Purcell
12995,Marc Forster
60024,Liz Friedlander
151007,Peter Ramsey
65420,Louis Morneau
3092,Diane Keaton
15775,Kevin Lima
1454884,Cedric Nicolas-Troyan
1290942,Benni Diez
60074,Jeff Garlin
937340,Harold Cronk
58178,David Mirkin
1496406,Yuefeng Song
65429,Kunihiko Yuyama
64508,Sidney J. Furie
17494,Dennis Dugan
66218,Jennifer Flackett
65629,Bibo Bergeron
55476,Nicholas Hytner
7,Andrew Stanton
168349,Shane Dawson
1184745,Joe Marino
12989,Andrew Davis
7911,Joe Ranft
65678,John Lafia
3227,Steve Pink
232937,Cheryl Dunye
229198,Russell Holt
68844,Hayden Schlossberg
29700,David Winters
69144,Scott Marshall Smith
91389,Mars Callahan
55252,Tim Miller
95687,Robert Kenner
101515,Robinson Devor
8452,Andrei Tarkovsky
1108711,John Laing
21053,John Dahl
51864,Kasi Lemmons
46085,Luis Mandoki
6201,Baz Luhrmann
224751,Khalid Mohammed
1704,Gore Verbinski
12890,Pete Docter
22214,David Wain
84124,Tina Gordon Chism
4600,Joe Dante
57446,Mark Romanek
18898,Rob Minkoff
1357,Christopher Doyle
57742,John Stevenson
55948,Alan Smithee
33279,Danny Cannon
14409,David Schwimmer
22676,Ole Bornedal
1283831,Antonio Simoncini
66681,Matt Bettinelli-Olpin
4590,Russ Meyer
11472,Irwin Winkler
18209,Claude Miller
55520,Nae Caranfil
2679,David Hackl
1514635,C. Fraser Press
62047,Gary Trousdale
7467,David Fincher
55789,Tate Taylor
68519,Andrey Zvyagintsev
1085923,Dror Moreh
61411,Mark Dindal
78108,Isaac Florentine
1614,Ang Lee
66942,Holger Tappe
56591,Danny Leiner
75043,Peter Flinth
2239,Anthony Minghella
31493,Alex Cox
5133,Bo Welch
15810,Ron Clements
5026,Akira Kurosawa
1501366,Simeon Rice
6046,Roland Emmerich
1009253,Jason Trost
47364,Greg Coolidge
56710,Oliver Parker
31,Tom Hanks
12936,Jim Abrahams
84437,Gabriela Tagliavini
564082,Francesca Gregorini
58094,Gillian Armstrong
631226,Arjun Sablok
37362,Henry King
101518,Kevin Tancharoen
4135,Robert Redford
1071,Tom Tykwer
85445,Rohan Sippy
24481,René Féret
160942,Norman Wright
25873,Jon Cassar
28741,Michael Rymer
232858,Sarik Andreasyan
93911,Terence Davies
66512,Tom Brady
1284099,Gillian Robespierre
77003,Gavin O'Connor
21677,Barnaby Thompson
1560279,Neil Mcenery-West
1724,Roger Spottiswoode
40864,Andrew Bujalski
143059,Patrick Hughes
88039,Steven R. Monroe
121830,Nathan Greno
13614,Deborah Kaplan
103602,Mabel Cheung
60496,James Gartner
4955,Dario Argento
69237,Joe Berlinger
5655,Wes Anderson
55439,Patricia Rozema
1152,Oliver Stone
9054,Mervyn LeRoy
85822,Anthony C. Ferrante
190,Clint Eastwood
35796,Craig Mazin
58251,Elaine May
1480591,Enrique Begné
15488,Ken Loach
59,Luc Besson
45407,Mark Duplass
1461,George Clooney
33183,David Bowers
86035,Maria Maggenti
73668,James Melkonian
129921,Kief Davidson
1884,Steven Soderbergh
33054,Keith Gordon
1366270,Wade Gasque
65734,Luke Greenfield
4081,Stanley Kramer
83287,Lynne Ramsay
16860,Miranda July
4453,Thomas Vinterberg
24528,Matthew R. Anderson
1388653,Anthony O'Brien
35734,Aaron Seltzer
12112,Douglas Trumbull
11916,Liv Ullmann
57138,Tony Bill
100036,D.W. Griffith
55499,Scott Derrickson
23968,Phil Alden Robinson
57214,Prachya Pinkaew
13265,Franklin J. Schaffner
72960,Alejandro Monteverde
151017,Stevan Mena
93133,Christopher Scott Cherot
1018660,Tanner Beard
18250,Jon Avnet
66514,Adam Jay Epstein
1019303,Duke Johnson
36187,Bob Gosse
1090,John McTiernan
18320,Bronwen Hughes
86662,David Sington
77123,Gonzalo López-Gallego
239571,Carl Rinsch
1113116,Andy Muschietti
72450,Bob Saget
56412,John Requa
95818,Eric Blakeney
844266,Jon Erwin
3111,Alexandre Rockwell
566314,Brian Caunter
12114,Michael Cimino
68574,Brad Copeland
29705,Jerry Belson
66823,Joseph Kahn
1769,Sofia Coppola
6884,Patty Jenkins
53334,Jim Sheridan
54597,Joe Nussbaum
84981,Brian Trenchard-Smith
1707,Stuart Beattie
31093,Yvette Kaplan
559,Wally Pfister
15219,Marc Abraham
17883,David O. Russell
11431,Ford Beebe
66857,Arthur Qwak
40199,Anthony Mann
99710,Vidhu Vinod Chopra
65428,Michael Haigney
15858,Tim Hunter
51866,Rick Famuyiwa
4956,Bernardo Bertolucci
1557430,Chad Kapper
13348,Howard Hughes
45117,John Carney
54590,Steve Rash
2352,Jean-Jacques Annaud
78001,Juraj Jakubisko
59958,Jamie Blanks
42745,Steve Antin
69099,Dan Ireland
1299380,Nima Nourizadeh
20640,Chen Kaige
63709,Craig R. Baxley
80570,Walter Lang
133502,Simon Curtis
22140,Kari Skogland
95458,Gary Hardwick
16589,Peter MacDonald
64030,Kelly Makin
96439,Nanette Burstein
1523137,Robert Fontaine
3146,Billy Wilder
52609,Breck Eisner
86195,Peter Merwin
114404,Miguel Sapochnik
16958,Randy Barbato
3556,Roman Polanski
1434341,Jim Issa
105363,Kate Connor
1027737,Robin Budd
123990,Reed Cowan
130128,Jonas Elmer
20019,Lee Daniels
6720,Joan Chen
4522,Caroline Link
11218,Alfonso Cuarón
12881,Gary Goldman
2689,Jeff Nathanson
76248,Kevin Hench
1023720,Johnny Remo
13980,Vincente Minnelli
42712,Tony Giglio
1300274,Jason Zada
3045,P.J. Hogan
62369,Olatunde Osunsanmi
76447,Shimit Amin
11401,John Woo
89981,László Benedek
20192,Brian Taylor
64722,John Carl Buechler
65134,DJ Pooh
1524,Harold Ramis
19142,Kenneth Johnson
116370,Matthew Diamond
18069,Brian Gibson
10723,Mike Newell
53332,Frank Passingham
64754,Andrew Currie
10491,Paul Verhoeven
21683,Oliver Schmitz
44848,Angelo Pizzo
35155,John Gray
13426,Peter Segal
5877,Vincenzo Natali
8557,Fernando Meirelles
6818,Werner Herzog
57113,Dan Gilroy
1214860,Linda Mendoza
47005,Alan Taylor
30715,Terrence Malick
93301,Jun Falkenstein
37626,Patrice Leconte
5524,Andrew Adamson
66496,Adrienne Shelly
177532,Marielle Heller
75699,Lisa Cholodenko
130837,Stewart Hendler
